domain,bl,domainpop,abirth,aentries,dmoz,statuscom,statusnet,statusorg,statusde,statustld_registered,traffic,valuation,price
www-7130.com,193.6 K,7.6 K,2019,37,-,registered,available,available,available,1,2,0 USD,50 USD
www-001303.com,16.3 K,7.0 K,2020,19,-,registered,available,available,available,1,2,0 USD,50 USD
ab25.net,0,6.9 K,2010,4,-,registered,registered,registered,registered,15,11,"1,089 USD",50 USD
www-09100.com,7.8 K,6.1 K,2020,13,-,registered,available,available,available,1,7,0 USD,50 USD
www-163577.com,6.8 K,6.1 K,2020,17,-,registered,available,available,available,1,7,0 USD,50 USD
www-000453.com,7.4 K,6.0 K,2020,20,-,registered,available,available,available,1,9,0 USD,50 USD
www-635858.com,17.3 K,5.7 K,2019,3,-,registered,available,available,available,1,0,0 USD,50 USD
izlenme-satin-al.com,50.0 K,3.4 K,-,0,-,registered,available,available,available,1,6,214 USD,40 USD
www-kk490.com,6.2 K,2.3 K,2020,7,-,registered,available,available,available,1,0,0 USD,50 USD
cycgida.com,2.1 K,2.1 K,2013,26,-,registered,available,available,available,1,2,774 USD,50 USD
www-0007kj.com,1.6 K,2.1 K,2019,6,-,registered,available,available,available,1,13,0 USD,50 USD
www-99244.com,6.5 K,2.0 K,2019,23,-,registered,available,available,available,1,4,0 USD,50 USD
www-55898.com,11.4 K,2.0 K,2020,8,-,registered,available,available,available,1,4,0 USD,50 USD
www-87374a.com,11.4 K,1.9 K,2020,13,-,registered,available,available,available,1,0,0 USD,50 USD
www-885533.com,5.2 K,1.9 K,2020,13,-,registered,available,available,available,1,2,0 USD,50 USD
www44302y.com,5.4 K,1.9 K,2020,13,-,registered,available,available,available,1,4,0 USD,50 USD
www-97207k.com,10.9 K,1.9 K,2020,14,-,registered,available,available,available,1,0,0 USD,50 USD
www-11144b.com,5.5 K,1.9 K,2020,19,-,registered,available,available,available,1,7,0 USD,50 USD
wwwlhcxg.com,5.4 K,1.9 K,2020,21,-,registered,available,available,available,1,4,0 USD,50 USD
www-133266.com,5.4 K,1.9 K,2020,18,-,registered,available,available,available,1,4,0 USD,50 USD
www-058128.com,5.2 K,1.9 K,2020,13,-,registered,available,available,available,1,2,0 USD,50 USD
www-km8988.com,11.0 K,1.9 K,2020,13,-,registered,available,available,available,1,4,0 USD,50 USD
www-998111.com,12.8 K,1.9 K,2020,14,-,registered,available,available,available,1,7,0 USD,50 USD
www-345230.com,5.4 K,1.9 K,2020,9,-,registered,available,available,available,1,4,0 USD,50 USD
www-788133.com,5.5 K,1.9 K,2020,12,-,registered,available,available,available,1,4,0 USD,50 USD
www7849c.com,5.3 K,1.9 K,2020,23,-,registered,available,available,available,1,0,0 USD,50 USD
www-188338.com,5.3 K,1.9 K,2020,13,-,registered,available,available,available,1,4,0 USD,50 USD
wwwok1965.com,5.3 K,1.9 K,2020,15,-,registered,available,available,available,1,7,0 USD,50 USD
www24304a.com,5.3 K,1.9 K,2020,11,-,registered,available,available,available,1,2,0 USD,50 USD
www-1f888.com,5.4 K,1.9 K,2020,19,-,registered,available,available,available,1,2,0 USD,50 USD
www-65844.com,5.4 K,1.9 K,2020,10,-,registered,available,available,available,1,2,0 USD,50 USD
www-767788.com,22.0 K,1.9 K,2020,22,-,registered,available,available,available,1,2,0 USD,50 USD
www-179999.com,13.8 K,1.9 K,2020,20,-,registered,available,available,available,1,2,0 USD,50 USD
www-588tm.com,5.3 K,1.8 K,2020,18,-,registered,available,available,available,1,2,0 USD,50 USD
www-079567.com,5.2 K,1.8 K,2020,14,-,registered,available,available,available,1,0,0 USD,50 USD
www-0488.com,8.2 K,1.8 K,2020,10,-,registered,available,available,available,1,2,300 USD,50 USD
www-499916.com,5.3 K,1.8 K,2020,18,-,registered,available,available,available,1,2,0 USD,50 USD
www-380180.com,5.3 K,1.8 K,2020,7,-,registered,available,available,available,1,2,0 USD,50 USD
www-195kj.com,11.2 K,1.8 K,2020,21,-,registered,available,available,available,1,2,0 USD,50 USD
www-492013.com,5.4 K,1.8 K,2019,10,-,registered,available,available,available,1,9,0 USD,50 USD
www-500tm.com,5.2 K,1.8 K,2020,25,-,registered,available,available,available,1,0,0 USD,50 USD
www-345266.com,5.2 K,1.8 K,2020,15,-,registered,available,available,available,1,0,0 USD,50 USD
www-84575.com,9.4 K,1.8 K,2020,9,-,registered,available,available,available,1,2,0 USD,50 USD
www-122100.com,5.2 K,1.8 K,2019,10,-,registered,available,available,available,1,2,0 USD,50 USD
www-5670321.com,5.1 K,1.8 K,2020,21,-,registered,available,available,available,1,4,0 USD,50 USD
www-249696.com,4.9 K,1.8 K,2020,7,-,registered,available,available,available,1,0,0 USD,50 USD
www-660gp.com,5.3 K,1.8 K,2020,10,-,registered,available,available,available,1,0,0 USD,50 USD
www-45544.com,5.3 K,1.8 K,2020,9,-,registered,available,available,available,1,2,0 USD,50 USD
www-2688f.com,5.3 K,1.8 K,2020,7,-,registered,available,available,available,1,2,0 USD,50 USD
www488700a.com,6.4 K,1.8 K,2020,6,-,registered,available,available,available,1,2,0 USD,50 USD
www-669gp.com,53.0 K,1.8 K,2020,16,-,registered,available,available,available,1,2,0 USD,50 USD
www-800778.com,5.2 K,1.8 K,2020,22,-,registered,available,available,available,1,2,76 USD,50 USD
480555Com.com,5.4 K,1.8 K,2018,9,-,registered,available,available,available,1,2,0 USD,50 USD
www-xg3939.com,5.8 K,1.8 K,2019,26,-,registered,available,available,available,1,4,0 USD,50 USD
www-526677.com,5.2 K,1.8 K,2020,8,-,registered,available,available,available,1,7,0 USD,50 USD
www-kj368.com,6.1 K,1.8 K,2020,6,-,registered,available,available,available,1,0,0 USD,50 USD
www-007778.com,5.2 K,1.8 K,2020,15,-,registered,available,available,available,1,0,0 USD,50 USD
www-64414.com,5.5 K,1.8 K,2020,8,-,registered,available,available,available,1,2,0 USD,50 USD
www-6h888.com,5.3 K,1.8 K,2020,8,-,registered,available,available,available,1,0,0 USD,50 USD
www-14117.com,5.3 K,1.8 K,2019,11,-,registered,available,available,available,1,0,0 USD,50 USD
www-681223.com,5.2 K,1.8 K,2020,7,-,registered,available,available,available,1,4,0 USD,50 USD
www-767.com,5.4 K,1.8 K,2020,19,-,registered,available,available,available,1,4,0 USD,50 USD
wwwkj1376.com,5.9 K,1.8 K,2020,5,-,registered,available,available,available,1,2,0 USD,50 USD
wwwin112.com,5.3 K,1.8 K,2020,18,-,registered,available,available,available,1,0,0 USD,50 USD
www-491000.com,5.3 K,1.8 K,2020,18,-,registered,available,available,available,1,0,0 USD,50 USD
www-838567.com,5.1 K,1.8 K,2020,7,-,registered,available,available,available,1,2,0 USD,50 USD
www-456400.com,11.3 K,1.8 K,2019,8,-,registered,available,available,available,1,0,0 USD,50 USD
www-zl456456.com,5.1 K,1.8 K,2020,7,-,registered,available,available,available,1,2,0 USD,50 USD
www-73408.com,5.3 K,1.8 K,2020,5,-,registered,available,available,available,1,2,0 USD,50 USD
www-987788.com,5.3 K,1.8 K,2020,16,-,registered,available,available,available,1,2,0 USD,50 USD
www-6574d.com,5.0 K,1.8 K,2020,5,-,registered,available,available,available,1,0,0 USD,50 USD
www-39333.com,5.3 K,1.8 K,2017,22,-,registered,available,available,available,1,2,0 USD,50 USD
www-702118a.com,8.8 K,1.8 K,2020,6,-,registered,available,available,available,1,2,0 USD,50 USD
426666Com.com,5.3 K,1.8 K,2017,19,-,registered,available,available,available,1,4,0 USD,50 USD
www-6696kj.com,8.6 K,1.7 K,2020,8,-,registered,available,available,available,1,2,0 USD,50 USD
www-2600444.com,5.2 K,1.7 K,2020,7,-,registered,available,available,available,1,9,0 USD,50 USD
www-867500.com,4.4 K,1.6 K,2020,5,-,registered,available,available,available,1,0,0 USD,50 USD
www595455.com,10.6 K,1.6 K,1996,32767,-,registered,available,available,available,1,0,0 USD,50 USD
www-78309.com,4.3 K,1.6 K,2020,6,-,registered,available,available,available,1,2,0 USD,50 USD
www355858bb.com,4.3 K,1.6 K,2020,25,-,registered,available,available,available,1,2,0 USD,50 USD
11154Com.com,4.2 K,1.6 K,2020,20,-,registered,available,available,available,1,2,0 USD,50 USD
www-5888c.com,4.4 K,1.6 K,2020,14,-,registered,available,available,available,1,2,0 USD,50 USD
www-1366222.com,4.1 K,1.5 K,2020,9,-,registered,available,available,available,1,2,0 USD,50 USD
788780Com.com,4.4 K,1.5 K,2018,7,-,registered,available,available,available,1,4,0 USD,50 USD
AiAiCoco.com,1.8 K,1.5 K,2013,27,-,registered,available,available,available,1,2,"1,101 USD",5 USD
www-xg9988.com,4.3 K,1.5 K,2020,19,-,registered,available,available,available,1,2,0 USD,50 USD
80738Com.com,4.1 K,1.5 K,2020,8,-,registered,available,available,available,1,4,0 USD,50 USD
www-72hk.com,4.2 K,1.5 K,2020,4,-,registered,available,available,available,1,2,0 USD,50 USD
MeNitAs.com,3.6 K,1.5 K,2004,26,-,registered,available,available,registered,2,0,"1,368 USD",5 USD
620555Com.com,4.3 K,1.4 K,2018,15,-,registered,available,available,available,1,2,0 USD,50 USD
www-155955.com,4.0 K,1.4 K,2020,8,-,registered,available,available,available,1,2,0 USD,50 USD
875999Com.com,3.4 K,1.3 K,2020,6,-,registered,available,available,available,1,28,0 USD,50 USD
www-435665.com,3.2 K,1.3 K,2020,13,-,registered,available,available,available,1,0,0 USD,50 USD
www-755988.com,3.3 K,1.2 K,2020,8,-,registered,available,available,available,1,0,0 USD,50 USD
www-991298.com,1.1 K,1.2 K,2020,5,-,registered,available,available,available,1,4,0 USD,50 USD
tree3s.com,909,1.2 K,2004,80,-,registered,available,available,available,1,0,"1,036 USD",30 USD
wafarin.com,6.9 K,1.2 K,2018,20,-,registered,available,available,available,1,2,"1,233 USD",5 USD
ltgols.com,10.6 K,1.2 K,2018,14,-,registered,available,available,available,1,2,0 USD,5 USD
47bm.net,551,1.1 K,-,0,-,registered,registered,available,available,2,0,14 USD,11 USD
xjj5728.com,16.2 K,1.1 K,2019,18,-,registered,available,available,available,1,0,0 USD,11 USD
mfw-ic.com,4.7 K,1.1 K,2018,28,-,registered,available,available,available,1,2,0 USD,5 USD
ghszhy.com,2.1 K,1.1 K,2015,32,-,registered,available,available,available,1,0,0 USD,5 USD
diaou2.com,5.6 K,1.1 K,2018,17,-,registered,available,available,available,1,0,"1,050 USD",5 USD
a2h3.com,1.4 K,1.1 K,2001,67,-,registered,available,available,registered,3,0,864 USD,5 USD
heimazha.com,5.3 K,1.1 K,2018,16,-,registered,available,available,available,1,4,665 USD,5 USD
daiy04.com,13.7 K,1.1 K,2014,33,-,registered,available,available,available,1,4,0 USD,5 USD
btc7000.com,1.5 K,1.1 K,2018,15,-,registered,available,available,available,1,2,"1,168 USD",11 USD
das6666.com,13.1 K,1.1 K,2017,19,-,registered,available,available,available,1,0,976 USD,5 USD
linjery.com,7.8 K,1.1 K,2019,24,-,registered,available,available,available,1,0,"1,258 USD",50 USD
tsarily.com,1.4 K,1.1 K,2013,23,-,registered,available,available,available,1,0,"1,138 USD",5 USD
skyraph.com,3.3 K,1.1 K,2013,32,-,registered,available,available,available,1,0,"1,127 USD",50 USD
jextv.com,4.2 K,1.1 K,2007,35,-,registered,registered,registered,available,5,22,"2,516 USD",50 USD
sdeahome.com,5.5 K,1.1 K,2019,21,-,registered,available,available,available,1,0,"1,211 USD",50 USD
web-btc.com,15.3 K,1.1 K,2013,43,-,registered,available,available,available,1,2,"1,030 USD",5 USD
a7z2.com,13.5 K,1.1 K,2018,15,-,registered,available,available,available,1,2,423 USD,5 USD
a2y5.com,5.0 K,1.1 K,2018,21,-,registered,available,available,available,1,0,"1,148 USD",5 USD
jintyt.com,6.4 K,1.1 K,2020,15,-,registered,available,available,available,1,0,0 USD,5 USD
arlowery.com,13.8 K,1.1 K,2018,22,-,registered,available,available,available,1,0,"1,068 USD",50 USD
miatags.com,1.8 K,1.1 K,2013,28,-,registered,available,available,available,1,0,"1,138 USD",50 USD
uvwcbgm.com,1.5 K,1.1 K,2018,18,-,registered,available,available,available,1,0,0 USD,5 USD
whmmq.com,1.5 K,1.1 K,2016,23,-,registered,available,available,available,1,2,289 USD,11 USD
xjj9258.com,4.2 K,1.1 K,2018,22,-,registered,available,available,available,1,0,0 USD,11 USD
innodw.com,4.7 K,1.1 K,2008,20,-,registered,available,available,available,1,2,"1,250 USD",5 USD
xuehuays.com,1.4 K,1.1 K,2018,17,-,registered,available,available,available,1,0,"1,598 USD",5 USD
dejiubao.com,1.4 K,1.1 K,2018,19,-,registered,available,available,available,1,0,"1,395 USD",5 USD
rbsluk.com,15.6 K,1.1 K,2016,21,-,registered,available,available,available,1,4,0 USD,11 USD
yangyuyi.com,6.6 K,1.1 K,2018,21,-,registered,available,available,available,2,0,"1,404 USD",5 USD
socitv.com,3.6 K,1.1 K,2012,26,-,registered,registered,available,available,4,9,"1,909 USD",5 USD
cbpbtv.com,10.8 K,1.1 K,2009,50,-,registered,available,available,available,1,7,0 USD,50 USD
b4d9.com,4.0 K,1.1 K,2018,17,-,registered,available,available,available,1,4,379 USD,5 USD
huiyiwow.com,11.2 K,1.1 K,2008,20,-,registered,available,available,available,1,2,"1,201 USD",5 USD
xjj0961.com,2.5 K,1.1 K,2020,17,-,registered,available,available,available,1,0,0 USD,11 USD
a9y9.com,1.4 K,1.1 K,2017,22,-,registered,available,available,available,1,0,464 USD,5 USD
bmcp9988.com,9.0 K,1.1 K,2018,16,-,registered,available,available,available,1,4,0 USD,40 USD
bmcp2333.com,15.3 K,1.1 K,2018,18,-,registered,available,available,available,1,4,0 USD,40 USD
tecvion.com,1.3 K,1.1 K,2012,36,-,registered,available,available,available,1,4,"1,258 USD",50 USD
zoqyhxw.com,1.6 K,1.1 K,2018,20,-,registered,available,available,available,1,2,0 USD,40 USD
bmcp8822.com,1.4 K,1.1 K,2018,21,-,registered,available,available,available,1,0,0 USD,40 USD
xjj4345.com,10.0 K,1.1 K,2019,16,-,registered,available,available,available,1,0,0 USD,11 USD
urbazoo.com,1.3 K,1.1 K,2011,28,-,registered,available,available,available,1,0,"1,240 USD",50 USD
ykzoeach.com,7.8 K,1.1 K,2018,17,-,registered,available,available,available,1,0,0 USD,5 USD
xjj5350.com,3.0 K,1.1 K,2019,25,-,registered,available,available,available,1,0,0 USD,11 USD
xjj3461.com,1.5 K,1.1 K,2020,19,-,registered,available,available,available,1,0,0 USD,11 USD
bjxrzjd.com,4.8 K,1.1 K,2017,21,-,registered,available,available,available,1,0,0 USD,5 USD
952tlbb.com,1.3 K,1.1 K,2017,42,-,registered,available,available,available,1,0,0 USD,5 USD
liuhulu.com,7.1 K,1.1 K,2010,19,-,registered,available,available,available,2,2,"1,600 USD",11 USD
xjj3335.com,1.4 K,1.1 K,2020,18,-,registered,available,available,available,1,0,0 USD,11 USD
le9527.com,1.4 K,1.1 K,2020,16,-,registered,available,available,available,1,0,0 USD,40 USD
52bulage.com,8.5 K,1.1 K,2005,99,-,registered,available,available,available,1,9,0 USD,5 USD
JamMora.com,2.8 K,1.1 K,2016,37,-,registered,available,available,available,1,0,"1,083 USD",50 USD
spludeng.com,9.3 K,1.1 K,2020,14,-,registered,available,available,available,1,0,"1,039 USD",5 USD
yeakob.com,5.7 K,1.1 K,2015,70,-,registered,available,available,available,1,2,"1,180 USD",5 USD
a9x7.com,1.3 K,1.1 K,2018,19,-,registered,available,available,available,1,2,781 USD,5 USD
erdusa.com,1.4 K,1.1 K,2013,32,-,registered,available,available,available,1,0,"1,310 USD",50 USD
xx5252.com,7.3 K,1.1 K,2014,19,-,registered,available,available,available,1,0,0 USD,5 USD
houbyday.com,15.6 K,1.1 K,2014,33,-,registered,available,available,available,1,0,773 USD,50 USD
xjj7320.com,5.8 K,1.1 K,2018,18,-,registered,available,available,available,1,0,0 USD,11 USD
xjj1041.com,6.8 K,1.1 K,2018,15,-,registered,available,available,available,1,0,0 USD,11 USD
enprosep.com,8.2 K,1.1 K,2012,24,-,registered,available,available,available,1,4,797 USD,50 USD
yogeli.com,4.7 K,1.1 K,2018,21,-,registered,available,available,available,1,9,"1,167 USD",5 USD
xjj3319.com,6.8 K,1.1 K,2018,19,-,registered,available,available,available,1,0,0 USD,11 USD
nzhxflj.com,9.9 K,1.1 K,2018,17,-,registered,available,available,available,1,4,0 USD,40 USD
wffdfg.com,1.4 K,1.1 K,2018,18,-,registered,available,available,available,1,0,0 USD,5 USD
51tgcl.com,1.3 K,1.1 K,2011,34,-,registered,available,available,available,1,2,0 USD,5 USD
ssmg520.com,3.3 K,1.1 K,2018,18,-,registered,available,available,available,1,2,0 USD,40 USD
searchqr.com,1.3 K,1.1 K,2018,21,-,registered,available,available,available,2,7,"1,602 USD",40 USD
a3x5.com,13.6 K,1.1 K,2018,25,-,registered,available,available,available,4,2,808 USD,5 USD
wifiob.com,8.2 K,1.1 K,2018,17,-,registered,available,available,available,1,2,"1,376 USD",5 USD
a9b6.com,1.3 K,1.1 K,2018,19,-,registered,available,available,available,2,0,431 USD,5 USD
bmcp1555.com,1.6 K,1.1 K,2018,21,-,registered,available,available,available,1,0,0 USD,40 USD
5akxs.com,1.4 K,1.1 K,2016,28,-,registered,available,available,available,1,0,933 USD,5 USD
a3k6.com,10.2 K,1.1 K,2018,19,-,registered,available,available,available,2,2,557 USD,5 USD
ugreynet.com,7.0 K,1.1 K,2018,22,-,registered,available,available,available,1,0,678 USD,50 USD
gbxtbpy.com,4.2 K,1.1 K,2018,19,-,registered,available,available,available,1,2,0 USD,5 USD
bmcp6611.com,1.4 K,1.1 K,2018,19,-,registered,available,available,available,1,4,0 USD,40 USD
assetltc.com,3.9 K,1.1 K,2013,29,-,registered,available,available,available,1,7,"1,374 USD",50 USD
yyf-cake.com,24.6 K,1.1 K,2018,20,-,registered,available,available,available,1,0,0 USD,5 USD
luccxx.com,1.5 K,1.1 K,2018,16,-,registered,available,available,available,1,0,0 USD,11 USD
spanixng.com,26.2 K,1.1 K,2018,17,-,registered,available,available,available,1,4,0 USD,11 USD
sugarmew.com,5.7 K,1.1 K,2016,44,-,registered,available,available,available,1,4,"1,205 USD",5 USD
b4m7.com,2.0 K,1.1 K,2017,18,-,registered,available,available,available,1,2,353 USD,5 USD
vilung.com,1.4 K,1.1 K,2005,29,-,registered,available,available,available,1,2,"1,320 USD",50 USD
bmcp3399.com,9.9 K,1.1 K,2018,19,-,registered,available,available,available,1,0,0 USD,40 USD
MyRide65.com,3.9 K,1.1 K,2011,37,-,registered,available,available,available,1,4,801 USD,50 USD
JimoClub.com,1.3 K,1.1 K,2011,17,-,registered,available,available,available,1,2,"1,154 USD",5 USD
BagaSac.com,1.3 K,1.1 K,2011,34,-,registered,available,available,available,2,4,"1,277 USD",50 USD
ruuude.com,1.4 K,1.1 K,2007,24,-,registered,available,available,available,2,0,0 USD,50 USD
dqvtm.com,1.9 K,1.0 K,2016,25,-,registered,available,available,available,1,4,"1,288 USD",5 USD
skstitch.com,6.8 K,1.0 K,2011,25,-,registered,available,available,available,1,2,"1,234 USD",50 USD
tj-oa.com,9.0 K,1.0 K,2011,25,-,registered,available,available,available,1,2,217 USD,5 USD
xjj9034.com,1.4 K,1.0 K,2019,16,-,registered,available,available,available,1,0,0 USD,11 USD
xjj4100.com,9.1 K,1.0 K,2020,15,-,registered,available,available,available,1,0,0 USD,11 USD
xjj2471.com,1.3 K,1.0 K,2020,14,-,registered,available,available,available,1,0,0 USD,11 USD
teeweisi.com,7.7 K,1.0 K,2018,18,-,registered,available,available,available,1,2,"1,114 USD",5 USD
longzwz.com,1.5 K,1.0 K,2013,32,-,registered,available,available,available,1,0,948 USD,5 USD
ekuoreo.com,7.9 K,1.0 K,2014,35,-,registered,available,available,available,1,2,"1,145 USD",50 USD
wuxihqgg.com,10.6 K,1.0 K,2013,32,-,registered,available,available,available,1,4,0 USD,5 USD
newy0rk.com,11.3 K,1.0 K,2001,37,-,registered,available,available,available,2,0,0 USD,50 USD
a6j8.com,1.3 K,1.0 K,2018,19,-,registered,available,available,available,1,7,469 USD,5 USD
a6g2.com,1.4 K,1.0 K,2017,19,-,registered,available,available,available,2,0,623 USD,5 USD
bmcp5522.com,1.4 K,1.0 K,2018,20,-,registered,available,available,available,1,2,0 USD,40 USD
aivesd.com,12.0 K,1.0 K,2017,46,-,registered,available,available,available,1,2,"1,101 USD",5 USD
18jhyg.com,6.8 K,1.0 K,2018,23,-,registered,available,available,available,1,37,0 USD,11 USD
b4m9.com,1.4 K,1.0 K,2017,21,-,registered,available,available,available,1,2,325 USD,5 USD
solwhizz.com,6.2 K,1.0 K,2011,27,-,registered,available,available,available,1,0,"1,246 USD",50 USD
yxdzjd.com,4.7 K,1.0 K,2016,23,-,registered,available,available,available,1,2,0 USD,5 USD
avivaorr.com,10.9 K,1.0 K,2013,43,-,registered,available,available,available,1,7,912 USD,40 USD
xjj9189.com,12.7 K,1.0 K,2019,18,-,registered,available,available,available,1,7,0 USD,11 USD
renfwhw.com,6.7 K,1.0 K,2019,14,-,registered,available,available,available,1,0,0 USD,5 USD
1000ToDo.com,8.9 K,1.0 K,2020,18,-,registered,available,available,available,1,0,"1,223 USD",50 USD
muzofos.com,1.4 K,1.0 K,2016,98,-,registered,available,available,available,1,13,"1,060 USD",5 USD
cmueje.com,4.6 K,1.0 K,2017,6,-,registered,available,available,available,1,0,0 USD,5 USD
qosjtjz.com,1.5 K,1.0 K,2018,23,-,registered,available,available,available,1,4,0 USD,40 USD
petpiaza.com,4.0 K,1.0 K,2018,21,-,registered,available,available,available,1,0,"1,209 USD",50 USD
tvfsigns.com,9.4 K,1.0 K,2018,22,-,registered,available,available,available,1,2,"1,048 USD",50 USD
88haotao.com,8.0 K,1.0 K,2020,17,-,registered,available,available,available,1,2,0 USD,5 USD
ezxtube.com,1.4 K,1.0 K,2010,135,-,registered,available,available,available,1,9,"1,464 USD",40 USD
texcite.com,9.6 K,1.0 K,2001,86,-,registered,available,available,available,2,0,"1,439 USD",50 USD
cmgt578.com,3.0 K,1.0 K,2014,42,-,registered,available,available,available,1,0,0 USD,5 USD
arpeach.com,1.4 K,1.0 K,2020,18,-,registered,available,available,available,1,4,"1,310 USD",5 USD
xjj5853.com,4.6 K,1.0 K,2019,17,-,registered,available,available,available,1,0,0 USD,11 USD
xjj2234.com,3.2 K,1.0 K,2020,18,-,registered,available,available,available,1,0,0 USD,11 USD
abeeride.com,3.8 K,1.0 K,2018,18,-,registered,available,available,available,1,4,"1,313 USD",5 USD
suvgaraj.com,5.3 K,1.0 K,2018,21,-,registered,registered,available,available,3,2,"1,483 USD",5 USD
re-tours.com,12.7 K,1.0 K,2009,23,-,registered,available,available,registered,2,0,912 USD,5 USD
i2004.com,5.8 K,1.0 K,2001,32,-,registered,available,available,available,1,2,"1,435 USD",5 USD
xjj0830.com,4.8 K,1.0 K,2019,14,-,registered,available,available,available,1,2,0 USD,11 USD
gugmail.com,6.5 K,1.0 K,2013,30,-,registered,available,available,registered,2,2,"1,433 USD",5 USD
hjntxuc.com,15.1 K,1.0 K,2018,21,-,registered,available,available,available,1,2,0 USD,40 USD
LeadUniv.com,9.1 K,1.0 K,2010,23,-,registered,available,available,available,1,0,"1,376 USD",50 USD
bmcp6111.com,2.3 K,1.0 K,2018,16,-,registered,available,available,available,1,4,0 USD,40 USD
bmcp3388.com,5.2 K,1.0 K,2018,20,-,registered,available,available,available,1,2,0 USD,40 USD
ecomface.com,5.3 K,1.0 K,2013,60,-,registered,available,available,available,1,4,"1,330 USD",40 USD
csmstop.com,14.1 K,1.0 K,2018,15,-,registered,available,available,available,1,4,"1,271 USD",11 USD
dindejt.com,6.7 K,1.0 K,2018,19,-,registered,available,available,available,2,0,816 USD,50 USD
cptyre.com,1.4 K,1.0 K,2011,30,-,registered,available,available,available,1,0,"1,198 USD",50 USD
wwwfh430.com,5.3 K,1.0 K,2018,17,-,registered,available,available,available,1,0,0 USD,5 USD
mmmsfz.com,1.5 K,1.0 K,2018,17,-,registered,available,available,available,1,4,0 USD,5 USD
xnfyxw.com,14.6 K,1.0 K,2019,18,-,registered,available,available,available,1,0,0 USD,5 USD
quxiu267.com,10.4 K,1.0 K,2018,16,-,registered,available,available,available,1,2,0 USD,5 USD
sorhk.com,2.2 K,1.0 K,2013,25,-,registered,available,available,available,1,4,"1,280 USD",50 USD
EcoCarve.com,1.3 K,1.0 K,2013,50,-,registered,available,available,available,4,2,"1,482 USD",50 USD
b2s4.com,9.3 K,1.0 K,2009,24,-,registered,available,available,available,1,2,380 USD,5 USD
xjj2844.com,5.7 K,1.0 K,2019,21,-,registered,available,available,available,1,0,0 USD,11 USD
qniu112.com,13.1 K,1.0 K,2018,25,-,registered,available,available,available,1,2,0 USD,40 USD
bmcp9222.com,6.1 K,1.0 K,2018,19,-,registered,available,available,available,1,2,0 USD,40 USD
bmcp9922.com,5.8 K,1.0 K,2018,18,-,registered,available,available,available,1,0,0 USD,40 USD
smzsjy.com,12.1 K,1.0 K,2012,23,-,registered,available,available,available,1,0,0 USD,5 USD
wowicc.com,5.2 K,1.0 K,2018,30,-,registered,available,available,available,1,2,"1,304 USD",5 USD
epartpal.com,1.1 K,1.0 K,2009,35,-,registered,available,available,available,1,4,636 USD,50 USD
prareach.com,13.8 K,1.0 K,2019,18,-,registered,available,available,available,1,2,"1,368 USD",50 USD
exacrypt.com,10.4 K,1.0 K,2016,20,-,registered,registered,available,available,2,2,"1,587 USD",50 USD
antybox.com,7.5 K,1.0 K,2019,22,-,registered,available,available,available,1,2,"1,243 USD",50 USD
xjj7787.com,10.3 K,1.0 K,2020,15,-,registered,available,available,available,1,2,0 USD,11 USD
uqeyzut.com,7.2 K,1.0 K,2018,26,-,registered,available,available,available,1,2,0 USD,40 USD
junsanlm.com,1.3 K,1.0 K,2018,20,-,registered,available,available,available,1,0,0 USD,5 USD
mbooali.com,9.3 K,1.0 K,2013,39,-,registered,available,available,available,1,0,0 USD,50 USD
Had4Job.com,1.2 K,1.0 K,2013,59,-,registered,available,available,available,1,2,0 USD,50 USD
EcoSwab.com,7.6 K,1.0 K,2013,30,-,registered,available,available,available,1,2,"1,629 USD",50 USD
xjj6015.com,8.2 K,1.0 K,2020,16,-,registered,available,available,available,1,0,0 USD,11 USD
xjj3891.com,5.9 K,1.0 K,2019,21,-,registered,available,available,available,1,4,0 USD,11 USD
xjj2959.com,28.4 K,1.0 K,2020,18,-,registered,available,available,available,1,0,0 USD,11 USD
s72f1056.com,5.6 K,1.0 K,2020,17,-,registered,available,available,available,1,0,0 USD,11 USD
ayhxe.com,8.2 K,1.0 K,2017,31,-,registered,available,available,available,1,2,"1,393 USD",5 USD
qvsmete.com,1.3 K,1.0 K,2018,22,-,registered,available,available,available,1,0,884 USD,40 USD
dddlnf.com,1.5 K,1.0 K,2006,106,-,registered,available,available,available,1,7,0 USD,40 USD
xjj2617.com,18.0 K,1.0 K,2020,16,-,registered,available,available,available,1,0,0 USD,11 USD
sewqc.com,1.4 K,1.0 K,2018,18,-,registered,available,available,available,1,0,"1,268 USD",5 USD
Hair17.com,8.7 K,1.0 K,2018,21,-,registered,available,available,available,2,0,"1,161 USD",50 USD
Carib360.com,6.6 K,1.0 K,2009,31,-,registered,available,available,available,1,0,"1,563 USD",50 USD
xjj1833.com,10.6 K,1.0 K,2020,15,-,registered,available,available,available,1,2,0 USD,11 USD
RunaAnda.com,1.3 K,1.0 K,2018,22,-,registered,available,available,available,1,0,976 USD,50 USD
bmcp6699.com,1.3 K,1.0 K,2018,20,-,registered,available,available,available,1,2,0 USD,40 USD
mhcab.com,10.7 K,1.0 K,2013,37,-,registered,available,available,available,2,7,"1,361 USD",11 USD
jxweimei.com,11.8 K,1.0 K,2013,20,-,registered,available,available,available,1,0,"1,214 USD",5 USD
songluwp.com,4.4 K,1.0 K,2020,14,-,registered,available,available,available,1,0,864 USD,5 USD
ybgaza.com,3.4 K,1.0 K,2020,18,-,registered,available,available,available,1,0,0 USD,5 USD
kaiszo.com,6.7 K,1.0 K,2018,22,-,registered,available,available,available,1,0,"1,236 USD",5 USD
a4z9.com,1.3 K,1.0 K,2018,24,-,registered,available,available,available,2,2,"1,052 USD",5 USD
nbxmwz.com,4.4 K,1.0 K,2018,17,-,registered,available,available,available,1,0,0 USD,5 USD
messlyl.com,11.9 K,1.0 K,2013,33,-,registered,available,available,available,1,0,"1,190 USD",50 USD
kyauktan.com,11.7 K,1.0 K,2013,27,-,registered,available,available,available,1,4,578 USD,50 USD
xjj2825.com,6.1 K,1.0 K,2020,18,-,registered,available,available,available,1,2,0 USD,11 USD
xjj2316.com,7.5 K,1.0 K,2020,16,-,registered,available,available,available,1,0,0 USD,11 USD
luxiu702.com,2.1 K,1.0 K,2017,17,-,registered,available,available,available,1,2,0 USD,5 USD
Lineup31.com,1.3 K,1.0 K,2013,24,-,registered,available,available,available,1,7,"1,116 USD",50 USD
djdolfi.com,4.0 K,1.0 K,2013,38,-,registered,available,available,available,1,0,"1,071 USD",50 USD
a9k7.com,3.4 K,1.0 K,2018,19,-,registered,available,available,available,2,0,433 USD,5 USD
xjj4097.com,6.2 K,1.0 K,2020,19,-,registered,available,available,available,1,0,0 USD,11 USD
xjj4013.com,6.4 K,1.0 K,2019,16,-,registered,available,available,available,1,2,0 USD,11 USD
xjj3044.com,6.2 K,1.0 K,2020,18,-,registered,available,available,available,1,2,0 USD,11 USD
xjj1545.com,11.1 K,1.0 K,2018,18,-,registered,available,available,available,1,2,0 USD,40 USD
bmcp6999.com,10.0 K,1.0 K,2018,22,-,registered,available,available,available,1,4,0 USD,40 USD
bmcp3888.com,5.5 K,1.0 K,2018,19,-,registered,available,available,available,1,4,0 USD,40 USD
Idea808.com,17.0 K,1.0 K,2004,41,-,registered,available,available,available,1,4,"1,247 USD",5 USD
neozdjj.com,970,1.0 K,2018,21,-,registered,available,available,available,1,0,0 USD,40 USD
9Banc.com,1.3 K,1.0 K,2011,29,-,registered,available,available,available,2,0,"1,642 USD",50 USD
tsamn.com,1.3 K,1.0 K,2018,18,-,registered,available,available,available,1,2,"1,197 USD",50 USD
bmcp7711.com,1.3 K,1.0 K,2018,19,-,registered,available,available,available,1,2,0 USD,40 USD
fjgkzs.com,13.1 K,1.0 K,2018,40,-,registered,available,available,available,1,2,0 USD,11 USD
